<?xml version="1.0" encoding="UTF-8"?>
<project-private xmlns="http://www.netbeans.org/ns/project-private/1">
    <editor-bookmarks xmlns="http://www.netbeans.org/ns/editor-bookmarks/2" lastBookmarkId="0"/>
    <open-files xmlns="http://www.netbeans.org/ns/projectui-open-files/2">
        <group>
            <file>file:/C:/Users/Manu/OneDrive/Documentos/NetBeansProjects/Eje1JPA/src/libreria/Servicio/EditorialServicio.java</file>
            <file>file:/C:/Users/Manu/OneDrive/Documentos/NetBeansProjects/Eje1JPA/src/libreria/Entidad/Autor.java</file>
            <file>file:/C:/Users/Manu/OneDrive/Documentos/NetBeansProjects/Eje1JPA/src/libreria/libreriaMain.java</file>
            <file>file:/C:/Users/Manu/OneDrive/Documentos/NetBeansProjects/Eje1JPA/src/libreria/Servicio/AutorServicio.java</file>
            <file>file:/C:/Users/Manu/OneDrive/Documentos/NetBeansProjects/Eje1JPA/src/libreria/Entidad/Editorial.java</file>
            <file>file:/C:/Users/Manu/OneDrive/Documentos/NetBeansProjects/Eje1JPA/src/META-INF/persistence.xml</file>
        </group>
    </open-files>
</project-private>
